dist,n,classic_width,compact_width,classic_time,compact_time
uniform,100,12.466077473199135,10.884906105614931,0.19554495900000002,0.06862899500000008
uniform,200,16.672640609989827,16.186796623681573,0.08688214299999997,0.07004342199999991
uniform,300,22.6184248808633,21.596282002295624,0.1059417359999999,0.08380050400000005
uniform,400,23.794849211718343,21.082813171441984,0.12930481300000007,0.10052665499999991
uniform,500,25.31462005478184,23.874639084723412,0.15257462499999996,0.11415928500000017
uniform,600,29.543978420493147,29.203890040050055,0.17991578899999983,0.13410084300000014
uniform,700,28.747466030374596,28.06151038134547,0.24659197099999997,0.15414306899999985
uniform,800,33.32797887715461,31.858895403960332,0.24602463399999985,0.18388930800000036
uniform,900,31.953087439449007,31.991466838936418,0.2857663760000002,0.2155028149999998
uniform,1000,41.80199900357724,36.63591169968768,0.3298810590000003,0.24885100599999976
uniform,1100,42.00183706362077,40.533739748184104,0.37524815,0.2853128639999998
uniform,1200,46.29012090828786,47.054496531911326,0.4289723150000002,0.3193034990000001
uniform,1300,51.30708049164585,51.88735200991624,0.4778753260000004,0.3648547950000003
uniform,1400,50.26966066711012,46.47249556817056,0.5368650010000007,0.45612012899999943
uniform,1500,53.12783903612953,47.86475720148013,0.5897155790000008,0.4803392320000004
uniform,1600,62.07766925524342,58.090485075944486,0.6549671529999994,0.5165101109999988
uniform,1700,56.585258578414766,56.97620108319197,0.7117835659999994,0.5591150850000002
uniform,1800,68.5186245188344,65.77208176528956,0.7822649780000006,0.6345209489999988
uniform,1900,71.31415432751282,68.26251885551179,0.8647667739999996,0.6822735600000005
uniform,2000,63.9543287555837,59.130748087628774,0.9297646269999991,0.7464603489999995
uniform,2100,62.77650537665028,61.426806206221045,1.0464359519999995,0.8253588149999977
uniform,2200,70.70179968705867,67.1808378674823,1.1271004540000007,0.8873670639999993
uniform,2300,74.07677672983502,76.42958800794344,1.2023168099999992,0.9845382349999987
uniform,2400,73.32745287553797,71.3334420541631,1.3389865289999996,1.0465142010000008
uniform,2500,80.52492433516576,77.81073658018818,1.3522123150000027,1.1383542250000005
uniform,2600,84.5129827366977,81.10958605436926,1.4546666360000025,1.2207864460000017
uniform,2700,89.90541764768105,85.54388515472675,1.5773972769999993,1.297984341000003
uniform,2800,83.31135096012778,85.48989535002409,1.6908058599999976,1.4046109169999994
uniform,2900,87.95017418068579,89.79571378688604,1.773228324999998,1.4863244419999972
uniform,3000,87.97545553316945,88.2891115856452,1.890910243999997,1.6635990199999995
uniform,100,7.786075792890955,6.675163414514998,0.06893534099999954,0.06304008899999758
uniform,200,11.376809595701673,11.824421021646657,0.08431622999999888,0.07176011699999663
uniform,300,16.00003283420682,14.48810108196571,0.10519198699999777,0.0838264449999997
uniform,400,22.17759335927576,21.344585996293006,0.1261308690000007,0.09517920900000121
uniform,500,25.534503204619284,23.29048891845133,0.15233805700000147,0.11522634299999623
uniform,600,27.62119292560061,25.816062728968888,0.18332002000000358,0.1359415470000016
uniform,700,32.21145933135642,33.318872853938956,0.21947299299999656,0.16241318699999852
uniform,800,33.818971002811026,31.904655483733478,0.2486969859999988,0.18647414100000503
uniform,900,37.57490500922003,37.72527563598089,0.2882644540000001,0.2178961010000009
uniform,1000,44.16540781570632,44.52734133881964,0.3322841720000014,0.2457564199999993
uniform,1100,44.268159954525174,39.92393894569204,0.3795640489999954,0.2908923210000012
uniform,1200,47.499616828936894,42.93359128927611,0.4581132960000005,0.35140817100000277
uniform,1300,45.59349513129092,45.308960640984594,0.48655184800000484,0.38074964300000147
uniform,1400,51.968766405419444,51.178693519270695,0.527296401000001,0.5025634790000026
uniform,1500,56.87635732411823,54.42263264776315,0.597465856999996,0.4619504790000022
uniform,1600,55.55711007545867,58.08541118412626,0.6515567599999983,0.5109796359999947
uniform,1700,53.529490846512914,49.999750019614936,0.7206286849999941,0.5759507560000046
uniform,1800,67.50414257920045,62.15771171457246,0.7829698629999982,0.6515969970000057
uniform,1900,62.507879016137366,57.12775668678211,0.8528961569999964,0.6979429640000063
uniform,2000,70.6350482259524,67.26616033835018,0.949534920000005,0.7528015809999999
uniform,2100,68.692104235698,70.76224100100808,1.0162672330000007,0.839842210999997
uniform,2200,70.19002739677677,67.06708700111415,1.0997368800000018,0.909471228000001
uniform,2300,71.73854482824004,72.76696853229691,1.1751629999999977,0.9992390459999996
uniform,2400,80.22130457879896,72.75802124528144,1.2530305000000013,1.0631590450000061
uniform,2500,75.27773397580026,74.15253863936121,1.3564795340000018,1.1341426339999998
uniform,2600,80.47602996925443,83.59548645624488,1.4786440459999994,1.2273361389999877
uniform,2700,77.61795884880732,77.65714432843049,1.5574318070000004,1.2937079880000084
uniform,2800,84.39852635437262,86.1728031467203,1.689078894000005,1.4360825889999944
uniform,2900,85.23009905024477,82.87878686018371,1.918326221000001,1.4876637280000011
uniform,3000,88.81674180806613,88.89740914921475,1.8716447759999966,1.5904108409999935
uniform,100,8.532265440278167,8.224320729493257,0.06714729700000532,0.06281552400000123
uniform,200,10.72169463695758,10.886892797595067,0.08475538199999733,0.07162912699999424
uniform,300,19.698247863221667,18.130003801863154,0.10637597599999538,0.0851649729999906
uniform,400,25.284291166162205,22.155744280597673,0.12829451600001107,0.09628939299999217
uniform,500,28.917152800377806,27.16488250166921,0.15519387499999482,0.1157818399999968
uniform,600,26.653167577496248,25.414058382927323,0.1863694490000114,0.13459209900000246
uniform,700,29.877142891289708,29.24887551647012,0.2129969530000011,0.157568272000006
uniform,800,34.63527604440938,33.423690170108614,0.2544402839999975,0.18450953099998912
uniform,900,38.038176178140134,34.396377973005684,0.29131814600000894,0.2142811920000014
uniform,1000,46.597522288894424,45.53831478163332,0.3401794650000056,0.2523921559999991
uniform,1100,59.190587537448124,59.0911051281272,0.3819653950000088,0.28313371099999074
uniform,1200,39.71983159613242,41.89641451303643,0.43048236500000314,0.32383984499999485
uniform,1300,47.096556072897556,45.991277583693176,0.4808196040000041,0.36316647099999955
uniform,1400,54.030509726317035,47.6679052853097,0.5342474670000001,0.4146384040000015
uniform,1500,48.92210616736915,47.59707043746596,0.6059048220000136,0.4580778400000014
uniform,1600,59.36306795399037,60.188577877086345,0.6790325660000036,0.5173440340000042
uniform,1700,58.74308341448187,59.58041004403029,0.739026908999989,0.713792558999998
uniform,1800,70.17277319344734,66.52278447183267,0.7837984949999992,0.624634013000005
uniform,1900,65.90085103561381,59.02519435581482,0.8904503649999924,0.7048895119999941
uniform,2000,67.21998329454374,67.91306713459252,0.9617362960000122,0.7550101429999927
uniform,2100,67.10206233398301,65.13250746317007,1.0468602050000015,0.8346818649999932
uniform,2200,70.70403421626366,72.68806595414097,1.1014348160000083,0.9113037719999966
uniform,2300,70.04958034342656,71.51342519365255,1.19793327699999,0.9837846319999954
uniform,2400,75.16425190690083,69.29872593845667,1.3087515870000033,1.0690560609999977
uniform,2500,72.78467051065763,70.90887043751673,1.355107941,1.122636087999993
uniform,2600,79.73126080314731,79.35285454066971,1.4426020769999894,1.223583437000002
uniform,2700,83.8665575975829,86.27616513000405,1.581776406000003,1.310285239999999
uniform,2800,89.0234439490529,86.68862379818052,1.6873222270000099,1.377398889999995
uniform,2900,79.15653086198955,78.41065037087532,1.7817059719999975,1.4805531909999985
uniform,3000,89.69204312783785,89.78633353490719,1.8913805530000047,1.6512638450000026
uniform,100,8.663794286317255,7.785738745104965,0.06509287600000846,0.060054938000007496
uniform,200,19.96834650187128,19.77844097862166,0.08368908500000316,0.06687948200000449
uniform,300,17.117027775740468,15.726487046023863,0.10011564200000578,0.07972317299999077
uniform,400,20.039407186544537,19.9931928834651,0.12485006100000362,0.09526855199999318
uniform,500,22.54096848248807,21.242526364142634,0.151100349999993,0.11553524299999651
uniform,600,27.1471118621852,25.466375941861514,0.17704086500000926,0.1302502710000084
uniform,700,30.994452497592903,28.084053052280723,0.21174841599999183,0.16264371200000483
uniform,800,35.76591058096997,35.578367794729246,0.40522926799999937,0.1869643080000003
uniform,900,40.70383186278488,39.01139617180331,0.2859366819999991,0.2122945299999941
uniform,1000,46.262191928601425,42.570910595744095,0.33012873999999215,0.24563721599999155
uniform,1100,54.356187215582,49.15165338728673,0.37915335400001027,0.29925143799999887
uniform,1200,45.28944019130631,43.683470373817016,0.4300578129999906,0.32832356599999457
uniform,1300,43.08280379068634,43.080956596208125,0.4753745120000019,0.3777482389999989
uniform,1400,53.09982882137254,48.83694312865322,0.535714022999997,0.42274583299999335
uniform,1500,57.786891744966965,51.94542190712937,0.5865194299999814,0.4651700000000005
uniform,1600,52.501274295617065,49.75988381841941,0.6423064479999994,0.5349260819999984
uniform,1700,59.421883426771075,58.82912471886817,0.7039180030000125,0.5933712989999833
uniform,1800,61.98484858262046,62.481451165597974,0.7774587400000144,0.6392637229999991
uniform,1900,61.714064227977445,60.863044680803654,0.8683322189999956,0.6963352659999771
uniform,2000,58.487473831991366,60.226127535327436,0.9366797619999829,0.7584935200000018
uniform,2100,66.92811899355675,64.13625245632488,1.0005958369999917,0.8349347950000094
uniform,2200,68.45495159522375,69.86921370498766,1.0812549670000067,0.9227027249999935
uniform,2300,66.0482710829393,67.4881122414846,1.166652369000019,0.9707277260000069
uniform,2400,78.67350073923791,77.23291858145569,1.2526912099999947,1.0695632669999782
uniform,2500,88.91235383182541,86.82691047476706,1.3493210979999901,1.1384152050000012
uniform,2600,83.3846217263675,83.44905357389416,1.4370865289999983,1.2313680540000007
uniform,2700,84.72262020552049,84.8057640841844,1.5733638540000072,1.3175310209999793
uniform,2800,83.83007815368398,79.21577495419027,1.654281007999998,1.4156963270000062
uniform,2900,86.54987628928276,83.67519789408689,1.7673208799999998,1.4907734559999994
uniform,3000,86.29869765828653,84.49791192194726,1.8609703509999918,1.5850267129999907
uniform,100,9.063866464302151,8.35842913328787,0.06347055999998474,0.05899751900000183
uniform,200,12.935149406225577,13.435922496533266,0.08129465599998298,0.06938947200001166
uniform,300,16.371227506515226,15.091284519023219,0.10201851700000475,0.2703456410000058
uniform,400,20.173161360352736,19.214338368311758,0.12520357299999318,0.09166643399998975
uniform,500,27.02141891133732,24.365156923672032,0.17179546899998854,0.11380831300002114
uniform,600,27.16598101462563,25.939959197943352,0.17523090400001706,0.13116530099998158
uniform,700,32.302527481996066,28.541894227537227,0.20962476899998705,0.15618154699998854
uniform,800,34.564577012176784,35.782271689687406,0.2536213669999938,0.18348444899999095
uniform,900,34.445520172746,34.28845084479124,0.29149182700001575,0.21738191100001814
uniform,1000,41.54686629406791,38.43810338407698,0.34498539000000505,0.24323884800000428
uniform,1100,41.57841755947922,42.588102404299036,0.37515884000001165,0.2812736859999916
uniform,1200,41.39060931359137,38.85686192157033,0.4251809280000032,0.31599682199998824
uniform,1300,52.98338597274079,51.45013476113593,0.47245549400000186,0.37184635599999183
uniform,1400,53.04273457009114,51.496085324360706,0.5304290949999881,0.4142418389999989
uniform,1500,56.79076148565363,52.557937379652344,0.5972629219999988,0.4567616589999943
uniform,1600,57.708707705793046,56.927841744050795,0.6496005950000097,0.5127617250000185
uniform,1700,63.07139862745851,59.35482689145351,0.7130177559999993,0.5587265930000171
uniform,1800,60.119514500567874,56.47368298550754,0.7730861940000011,0.625596924000007
uniform,1900,60.48444538559414,60.262111062748744,0.8395649480000031,0.6838865599999906
uniform,2000,63.78290199896196,59.87344935979024,0.9184413250000034,0.7585179419999974
uniform,2100,69.59088723404122,67.85607953205454,1.003278320999982,0.8195479290000094
uniform,2200,80.1851744150384,77.86257650380912,1.086981738999981,0.8893043029999887
uniform,2300,74.55383684475979,75.54529243365494,1.1850697329999775,0.96262471
uniform,2400,78.06387302846872,73.89605237175891,1.2602458249999984,1.0308718969999973
uniform,2500,72.68680511494242,74.70459492293446,1.3629579619999959,1.1216470970000216
uniform,2600,78.54933227554935,76.09581654871585,1.47368276200001,1.2021170330000075
uniform,2700,83.36027041309183,79.61393073445888,1.5501023230000044,1.310076950999985
uniform,2800,100.69199226367672,89.25666614060432,1.641033068000013,1.4324684779999757
uniform,2900,99.70358266176154,91.51822029799939,1.7337766579999823,1.4509568240000021
uniform,3000,91.74979132901669,90.37785921214993,1.8671787620000089,1.5693187500000079
normal,100,8.102530993606138,8.168756951312076,0.06365031299998236,0.05817268699999545
normal,200,10.7716979179784,10.514452286534691,0.08251843499999723,0.06873164600000337
normal,300,16.485426214317982,15.212840077042273,0.09886431099999982,0.079598481000005
normal,400,19.69785609868103,19.6199291080014,0.12452992900000481,0.09166125600000896
normal,500,25.83698538033738,21.777294876960468,0.38027063199999134,0.10719552399999088
normal,600,25.290788794151325,24.779938395323626,0.17211204099999122,0.1328630889999829
normal,700,34.46711218856663,33.87225622817806,0.21297569099999691,0.15087045300001023
normal,800,37.20528127280963,34.39438346605783,0.24604077199998642,0.18297233599997753
normal,900,39.32408448874307,34.4188513111491,0.2826318320000212,0.20680357200001254
normal,1000,40.061547296781725,38.879284437296434,0.32098299700001576,0.24120157400000153
normal,1100,42.86552184065866,41.46078441882537,0.36262240599998563,0.27834244900000726
normal,1200,51.4590449157258,51.66083957635527,0.42088163299999337,0.319899281000005
normal,1300,60.40429613725783,53.90142399462778,0.4605467650000037,0.3706597100000124
normal,1400,54.70032753501104,54.428043420017275,0.5425720179999871,0.4171026439999821
normal,1500,49.556755701159034,47.45324335337813,0.5969142309999995,0.45986402799999837
normal,1600,54.8403701713886,49.00222496871979,0.6590733970000144,0.5208795899999927
normal,1700,52.15354538253416,52.65472310209532,0.7276373960000058,0.57627617899999
normal,1800,57.20881925750558,57.40236616235521,0.7678428200000269,0.6241918770000154
normal,1900,59.65349200832324,59.72118146282847,0.8459152460000041,0.6952259550000122
normal,2000,66.66197602284964,66.11824117276379,0.91674691099999,0.7662331530000017
normal,2100,74.03672744251082,72.14108153009335,0.9940342140000098,0.8210537869999825
normal,2200,66.63948154086313,65.91458334063202,1.0769619719999923,0.893937668999996
normal,2300,73.20701871136035,72.90053859381501,1.2014868199999853,1.0087432420000084
normal,2400,70.70305382205461,70.12635078642032,1.254733329000004,1.0502278440000055
normal,2500,81.83549310315257,80.46748726446387,1.3626442620000034,1.1564088880000156
normal,2600,79.2013665748442,78.48733580184447,1.4227757700000154,1.2079297710000105
normal,2700,90.74658693015544,89.92569041505874,1.5348852799999975,1.2889065230000085
normal,2800,80.22293054761164,78.28622337627684,1.632795313999992,1.4016558029999828
normal,2900,85.20038693731016,84.54880465269252,1.757402290999977,1.4890948510000044
normal,3000,87.95664099141834,90.34732317044484,1.9024353450000149,1.5854474820000064
normal,100,10.642567330714627,8.158878860643597,0.06426748000001226,0.058990894000004346
normal,200,10.984336538942046,11.255789725247695,0.08203124499999603,0.06980924500001606
normal,300,21.525062647826104,18.188521799120196,0.10089599300002305,0.07852291499997932
normal,400,22.276764061204773,19.240488226275062,0.12208769299999744,0.09253293500000837
normal,500,26.21706014193674,24.16626643209119,0.14541158700001233,0.11006478199999492
normal,600,26.37239245355687,25.775870314740644,0.17588951299998712,0.1282388449999985
normal,700,31.17021499750507,29.391944752980862,0.20943420799997625,0.15693070300000045
normal,800,34.3876873223887,29.515290386536492,0.25058029000001625,0.18238116599999898
normal,900,39.83500259175423,38.092241837650334,0.29019326299999193,0.2124261879999949
normal,1000,39.2463584272827,39.08765675994172,0.3419530049999935,0.2548212009999986
normal,1100,40.68373998137392,40.00054352230222,0.39107570199999486,0.284720961000005
normal,1200,45.93674679406479,41.41082394140784,0.4275681499999848,0.32516217499997424
normal,1300,54.927162361612886,48.71433588534819,0.47802735600001256,0.36235346000000845
normal,1400,48.68319650220897,46.68042418193241,0.531196838000028,0.6937042039999994
normal,1500,51.411659111179915,50.66861965368636,0.5960691709999821,0.4601950739999836
normal,1600,57.15294027126791,54.38796018318055,0.643341625000005,0.49651398000000313
normal,1700,64.67309510128243,62.98390378159573,0.7137559510000244,0.5914575220000415
normal,1800,56.47449364277537,54.97399729601639,0.7785053050000101,0.6210148030000369
normal,1900,58.965847195054295,58.53295376276745,0.8319870450000053,0.6879541720000475
normal,2000,65.44081819102828,67.16958456087588,0.9164153190000093,0.7493639200000075
normal,2100,73.58041565586791,72.09743310595621,1.0064664110000194,0.8174482719999787
normal,2200,68.63877462220398,64.46642617624136,1.0893304069999772,0.9106076499999745
normal,2300,75.35835025813469,75.91357403686442,1.1623542600000292,0.9496884310000269
normal,2400,76.61843748879744,78.15440268470428,1.2535862649999672,1.0504356080000434
normal,2500,72.58296168141834,74.36822786562306,1.346623558000033,1.1159501500000033
normal,2600,76.32770693011159,79.48899245653774,1.4384107719999975,1.2125049170000466
normal,2700,86.64092642947818,84.71587356132093,1.5439924450000149,1.2709521770000265
normal,2800,89.20413564178634,88.20491855103992,1.6496726450000097,1.392690497999979
normal,2900,94.14768698798215,94.67892869093612,1.7659028279999802,1.7009441229999993
normal,3000,103.99655648546224,104.68592428989618,1.864868537999996,1.6121335249999902
normal,100,8.601536954345363,8.944065824874599,0.08055326900000637,0.07183016999999836
normal,200,16.151507905401985,15.088750911434374,0.09852005400000508,0.0794926859999805
normal,300,16.364139817330226,15.917484322866216,0.1006097430000068,0.09646744799999851
normal,400,31.64835961954546,27.378480127820183,0.1530621260000089,0.09634140299999672
normal,500,26.88209161327208,27.997078197450634,0.1520468829999686,0.11136933599999566
normal,600,28.32213664776222,24.957440042266086,0.17612343500002225,0.1308693519999906
normal,700,37.00994990407574,33.449687591181544,0.20614136499995084,0.15746152699995264
normal,800,33.21639235560005,29.759792543483314,0.24498867500000188,0.182554332000052
normal,900,34.972914419275185,34.63247008823822,0.28056669000000056,0.2103173300000094
normal,1000,45.27850251721691,42.17175393138001,0.3254721040000277,0.24057613599995875
normal,1100,41.0920515024859,39.01200028616958,0.3684925059999955,0.27928332200002615
normal,1200,41.115959139079905,38.75478533653174,0.41463329499998736,0.33142287800001213
normal,1300,53.70843368277713,51.12051892634352,0.603894873999991,0.3605251019999969
normal,1400,51.13470238980989,43.84040905817591,0.5300222289999965,0.4124279559999877
normal,1500,52.01469944012234,50.747831885980844,0.5720021640000255,0.4700843609999765
normal,1600,58.40183817561095,52.83024125691833,0.6429676730000438,0.5180555700000014
normal,1700,56.91692721359908,56.70105002325113,0.7104508559999658,0.5589473890000249
normal,1800,57.68127977699476,56.812050391786386,0.7762047169999846,0.6410449260000064
normal,1900,69.669923750207,64.3180209181524,0.8484878710000316,0.7314987980000183
normal,2000,63.67682556679384,66.51417143572044,1.030172231999984,0.7557787879999864
normal,2100,74.53822482467368,75.58707168749444,1.0025761969999962,0.820177598999976
normal,2200,69.73556991210532,68.25756340566363,1.0726126430000136,0.885485306000021
normal,2300,68.34215870321972,66.36205015128621,1.1565052679999894,0.9760611490000315
normal,2400,84.28737432376658,79.90507776517515,1.2599942859999942,1.0344515730000126
normal,2500,78.5672743442727,74.91183679934062,1.360028758999988,1.1449876690000451
normal,2600,73.69263467062865,70.5505915614898,1.4492408109999815,1.217047046999994
normal,2700,78.32333566986483,80.14014489660883,1.567125987000054,1.3116534780000393
normal,2800,82.61981112758835,79.33109721058244,1.6408703839999816,1.376503452999998
normal,2900,87.69753778465136,88.39530115050462,1.7830216560000167,1.8185254690000079
normal,3000,89.78020299437725,85.21175924907246,1.80825970799998,1.5480437620000203
normal,100,11.048935118562355,10.31404599211342,0.06622158800001898,0.059625374999995984
normal,200,13.661813458308245,13.206295404072847,0.08210143900004141,0.06746047600000793
normal,300,18.75625802325351,16.312427443177455,0.10113555700002053,0.07950343599998178
normal,400,24.253205549999194,22.907729543061095,0.1228274220000003,0.09407942199999297
normal,500,22.056498356445104,19.55233659600421,0.1450485500000127,0.10943565699994906
normal,600,29.932855807460413,29.961291023810276,0.1771246860000133,0.13080801800003883
normal,700,34.2469334311792,32.718365797724175,0.21027415600002541,0.15327986199997667
normal,800,32.19678250553861,32.823236829250675,0.24153370099998028,0.17946289599996135
normal,900,32.05523543072064,31.372426702726017,0.27641039700000647,0.20834590699996625
normal,1000,40.19961279556506,38.55788450277913,0.33039541499999814,0.2485457129999986
normal,1100,43.01710048693775,39.8613324681188,0.37554517099999885,0.2795587649999902
normal,1200,41.154167841497355,39.78255338224716,0.4196926989999952,0.32184627200001614
normal,1300,45.62780169234608,47.73989137285096,0.4733637389999785,0.360749157999976
normal,1400,44.46947134491606,43.23888008104285,0.5263508240000192,0.42194839500001535
normal,1500,56.648201697026366,54.64408794395888,0.5884972919999996,0.4586856499999499
normal,1600,58.632319292470896,56.19242778174697,0.6601772379999602,0.49972965799997837
normal,1700,58.6109267366414,58.70035536518094,0.706819945999996,0.5575754900000334
normal,1800,61.22451402842009,56.08771217315382,0.7685959039999943,0.6282842219999907
normal,1900,63.577697349699605,60.64718447604628,0.8335644249999632,0.6888312259999907
normal,2000,64.4052581581688,58.4436243496541,0.9132825699999785,0.7562000860000353
normal,2100,71.79937459284562,67.21522264337855,1.1528335759999777,0.8065360840000153
normal,2200,70.35221106251791,65.03303525497057,1.1243417059999956,0.9138059189999694
normal,2300,91.17754210881955,82.65539009548863,1.151756602999967,0.9588529580000227
normal,2400,73.09235984343294,71.48989938229585,1.2310417420000022,1.0424162869999805
normal,2500,82.48831017625133,85.2722236406677,1.3313265930000284,1.1256054280000285
normal,2600,79.50967429094067,80.76145672501781,1.4592503109999484,1.1968040540000402
normal,2700,91.92770163040467,91.38191740673454,1.5217285749999974,1.3226666099999989
normal,2800,81.45978297537465,84.55153070041641,1.6371323719999964,1.3804856909999899
normal,2900,91.53538922691013,94.11492619675283,1.77457919699998,1.4877095589999954
normal,3000,88.64499374800286,90.3656467216679,1.8603527829999962,1.6010642670000266
normal,100,8.76893039635604,7.348655974995239,0.06592505199995458,0.06081182299999455
normal,200,16.745480052943407,15.672053951310033,0.08028090799996335,0.06995760500001325
normal,300,18.381597571315098,15.795201741785519,0.09828012399998443,0.08041621299997814
normal,400,26.474784365099794,22.569571325923448,0.12180667399996992,0.09248553499998025
normal,500,22.67406225529902,24.045643333245607,0.1486592759999894,0.10918909099996199
normal,600,28.08074892151373,27.82258298778649,0.17661133600000767,0.12942023199997266
normal,700,33.17897376926601,30.64306554395756,0.20510255599998573,0.15930451299999504
normal,800,33.19470506629594,32.15076291786093,0.24657796000002463,0.1818678750000231
normal,900,38.8620738325736,37.56153107572209,0.2859355490000439,0.2097424399999568
normal,1000,41.16659632239882,41.22241667712882,0.32467905100003236,0.2419917089999899
normal,1100,38.88596668018005,36.85215833270652,0.36872976700004756,0.2765396699999769
normal,1200,47.23101142434558,46.771413980342004,0.41458644899995534,0.3166289899999697
normal,1300,51.077622829529474,48.50258229029106,0.4786511549999659,0.36180064299998094
normal,1400,52.599520286277055,49.72276176210252,0.5299684189999994,0.40991463699998576
normal,1500,54.83750163211221,53.9647011999958,0.5888187109999876,0.44757905000000164
normal,1600,57.27337654511902,56.3018102273698,0.687402800999962,0.518308095000009
normal,1700,58.6000089531004,56.628575311950726,0.7039676740000118,0.5614135149999697
normal,1800,66.6565594491014,64.21657175535404,0.7662740420000205,0.622737174000008
normal,1900,60.010868929095835,61.23611234890157,0.8488920540000322,0.6739630669999883
normal,2000,66.83890891400631,67.43322285428519,0.9308425569999486,0.7403347449999842
normal,2100,73.62645730158224,71.31358734598135,0.9958246019999706,0.8143053389999864
normal,2200,67.50153780731515,65.41491640062137,1.0889340949999564,0.8713402420000307
normal,2300,80.01601269550116,75.13820281909017,1.1625586639999597,0.9553521060000207
normal,2400,66.86090517807915,69.10533131626451,1.2398316869999917,1.0336730020000005
normal,2500,87.10025584380631,80.79485343253728,1.3568266409999978,1.1087192769999774
normal,2600,74.48754605003347,80.74434276078873,1.453760007000028,1.1911601290000249
normal,2700,84.77730567670056,81.71684233160823,1.5016090360000476,1.294334651999975
normal,2800,80.6732309291069,78.12250618378266,2.0193664120000108,1.3721404549999647
normal,2900,81.23765186028041,80.36781115858759,1.7124162960000149,1.4599362999999812
normal,3000,84.71279673289231,85.2437473732495,1.9168392479999738,1.541609913000002
lognormal,100,6.964627630815357,5.907941816647792,0.06454940999998371,0.06012058600003911
lognormal,200,15.77465009276861,15.611161722417734,0.08368387399997346,0.06715815599994812
lognormal,300,16.648372849519603,15.03999007834156,0.0981013100000041,0.07820200600002636
lognormal,400,22.569345776659645,22.943760480580465,0.12150697699996726,0.09164621399997941
lognormal,500,22.985703692880037,22.955684150641446,0.14603805299998385,0.10807301799997049
lognormal,600,25.622870101028383,25.004541234641948,0.17450230100001818,0.1304530209999939
lognormal,700,27.648391142208624,26.42173309028928,0.21163391999999703,0.15472594099998105
lognormal,800,36.10402146362935,34.94518688979528,0.2576759850000485,0.1850442790000102
lognormal,900,41.75754707056339,37.87681186463982,0.291752788999986,0.2139169870000046
lognormal,1000,39.114439445518514,35.14132434457636,0.3349483540000051,0.2474382919999698
lognormal,1100,46.07718120609593,41.215176611417974,0.3870225929999833,0.2883347110000045
lognormal,1200,46.463119364158416,46.17263315589901,0.44226885000000493,0.31767026599999326
lognormal,1300,47.76467508418898,43.7110313356435,0.48358299699998497,0.36614554799996313
lognormal,1400,48.74034496787266,47.074283179287306,0.530875726999966,0.41218530999998393
lognormal,1500,65.400131618389,60.47672630862442,0.5891075039999691,0.4566912299999899
lognormal,1600,50.2516663556504,51.46204136861542,0.6462110550000375,0.5119653329999778
lognormal,1700,54.41644000372989,52.17677999589688,0.7065386200000034,0.574851002999992
lognormal,1800,62.84451852867463,60.30468235581105,0.7765315479999799,0.6079130210000017
lognormal,1900,65.1881223459028,62.021984361223474,0.8516312549999725,0.6815637830000014
lognormal,2000,64.08158744827185,62.42631993590061,0.9265695600000186,0.7577519540000139
lognormal,2100,65.57769984997694,68.87846795091085,1.0016470929999741,0.806199896999999
lognormal,2200,83.64864456034047,82.81392538808333,1.1046570810000276,0.8858382829999982
lognormal,2300,72.21651562934315,68.52757592730057,1.1692331479999893,0.9566370289999782
lognormal,2400,73.68152683208737,72.06435610480446,1.2470548430000008,1.0468493399999943
lognormal,2500,78.75623056175917,76.15038151885068,1.3502288889999932,1.1196793689999822
lognormal,2600,81.98352664136883,79.32168002889259,1.4652287679999745,1.2359947820000343
lognormal,2700,81.16024980623322,80.48480403062482,1.5928447000000006,1.3177251490000117
lognormal,2800,87.93217685541217,78.12981259995175,1.6179724489999785,1.381743819999997
lognormal,2900,92.03538361309228,87.79032840906308,1.7494166870000072,1.4563382729999717
lognormal,3000,87.250120829743,88.97296037054014,1.8471473110000147,1.5423583150000013
lognormal,100,11.10664893510409,8.401572769139023,0.0653411700000106,0.06111477300004253
lognormal,200,14.123058457582118,12.645130131702984,0.08205007200001546,0.06778891299995848
lognormal,300,20.42128415808213,20.796171579075747,0.10023813899999823,0.07863195400000222
lognormal,400,19.922190270647462,18.353963293575106,0.11988233200003151,0.0939548129999821
lognormal,500,22.879901161106773,21.32112957247716,0.15042402099999208,0.11138232499996548
lognormal,600,29.416960312726246,28.861252816253256,0.17599787000000333,0.1297808510000209
lognormal,700,37.594288207625056,33.74052323014209,0.21318000899998424,0.15934730000003583
lognormal,800,36.03815914872462,33.246369347008056,0.24502494099999694,0.18136070399998516
lognormal,900,33.18760206090397,33.89604189404599,0.28255719800000634,0.20897939799999676
lognormal,1000,39.43235572502945,39.546624402966785,0.3147511610000038,0.23986158799999657
lognormal,1100,48.79104481011288,47.04294418714798,0.3725526989999821,0.280398531000003
lognormal,1200,49.269614842618864,44.15955981201472,0.4323260989999653,0.3348818489999985
lognormal,1300,49.58241240022204,47.17639178839465,0.4655405209999799,0.3628846249999924
lognormal,1400,48.71322436555505,46.02575606202737,0.5121714940000288,0.4053304420000359
lognormal,1500,61.90617672964348,58.10776766289038,0.5827076439999814,0.45139953699998614
lognormal,1600,62.89438103844029,58.03855296570384,0.6367709579999996,0.5096406690000208
lognormal,1700,53.977126506073375,56.78140169642489,0.7061441339999988,0.558624162000001
lognormal,1800,61.03192246207331,60.06832749776157,0.7832792480000421,0.6198138309999877
lognormal,1900,62.34907782968736,59.19018140076554,0.8665648099999999,0.6786824659999979
lognormal,2000,66.04558020842981,63.61661123068441,0.913459658000022,0.7447005899999795
lognormal,2100,83.33431544760853,77.06333153875664,1.0773858270000005,0.824302226000043
lognormal,2200,68.1046116768666,67.86865789512177,1.1110547410000322,0.8899482440000384
lognormal,2300,75.72578828274254,74.98222584123982,1.1583327850000273,0.9710615219999568
lognormal,2400,71.58040825555946,71.11492805407826,1.2661754990000418,1.0391616919999933
lognormal,2500,74.85620620686277,74.66562247973752,1.3556287890000362,1.117932398999983
lognormal,2600,85.3604439033331,87.17926963411207,1.4553002070000502,1.191272864000041
lognormal,2700,77.74123331515563,74.68443714191977,1.538226566999981,1.2916224530000022
lognormal,2800,81.46241471025897,81.86314180326596,1.6384903289999784,1.3620043650000184
lognormal,2900,85.07955788170153,86.17940481899211,1.7414042030000019,1.4543613579999715
lognormal,3000,90.51887894457928,89.81641727828196,1.8476030459999606,1.59316669399999
lognormal,100,10.097147105555791,9.136493363881215,0.0659816440000327,0.06230470200000582
lognormal,200,13.260391797092922,10.987593738551908,0.0821918789999927,0.06916771099997732
lognormal,300,15.684155868450858,15.1937986887404,0.09951065699999617,0.07871469200000547
lognormal,400,21.651399344095523,20.991589846434607,0.12324105499999405,0.09157045299997435
lognormal,500,24.432637532447984,22.74865559274417,0.6499343749999866,0.1089746120000541
lognormal,600,32.13449984971723,30.159440543336785,0.17207485400001588,0.13319665900002065
lognormal,700,30.435365448931975,29.125059121625867,0.20896238500000663,0.15423950299998523
lognormal,800,35.00642117893358,31.40349255989912,0.24226469299998143,0.17948297599997431
lognormal,900,37.02404859827652,33.27457079459393,0.2787064689999852,0.20342880399999785
lognormal,1000,38.990945249077356,36.10569455916209,0.3188883689999784,0.24114374900000257
lognormal,1100,47.473550440250904,45.37844731035466,0.3666088290000289,0.28294308200003115
lognormal,1200,48.75190354770237,47.247708123387355,0.4219369969999889,0.31993519799999603
lognormal,1300,43.871041295951386,46.98295491123375,0.4650841650000075,0.36985091499997225
lognormal,1400,54.37929837976566,53.2898736358091,0.524258562,0.4332889340000179
lognormal,1500,49.7246468160086,47.920294367969376,0.5732430529999988,0.46156790200001296
lognormal,1600,54.17642781398757,54.642193655737316,0.6344119219999698,0.5317256649999536
lognormal,1700,55.19042809605929,53.097959705270085,0.7051253970000175,0.5743990139999937
lognormal,1800,60.60351785697256,56.431129780400056,0.7585836160000099,0.6378109460000019
lognormal,1900,57.471676444329944,61.20626072467263,0.8285578609999789,0.684895263000044
lognormal,2000,60.803557904871894,59.883590776902594,0.9411489849999839,0.7444756950000055
lognormal,2100,63.99924947851579,62.779716225700014,0.9909594590000097,0.8253181740000173
lognormal,2200,67.5308995177991,65.39533157981313,1.0683670989999996,0.892396175999977
lognormal,2300,86.27932159680933,79.03265218552042,1.1480160749999868,0.9561518010000327
lognormal,2400,76.1810540705495,76.03099767273835,1.2532642310000028,1.0613224879999734
lognormal,2500,73.29247035328834,72.89365671106182,1.326189334999981,1.1295111930000985
lognormal,2600,78.2236898543311,78.71781651788424,1.4288369219999595,1.1943502589999753
lognormal,2700,82.71127955271294,84.97141044459761,1.5335996720000367,1.2725612879999062
lognormal,2800,84.0521294252614,80.86902137233136,1.6517923060000612,1.3573067219999757
lognormal,2900,87.80409398173089,88.31142729507678,1.7789188240000158,1.4927348370000573
lognormal,3000,97.3662718205668,97.82672581371199,1.8445638329999383,1.5953480590000026
lognormal,100,10.495788520175722,7.8055877437062975,0.06649896399994759,0.06063849999998183
lognormal,200,11.666738783263298,10.937363406601264,0.08312708400001156,0.06758205200003431
lognormal,300,14.833975729769264,14.443305931764087,0.09970983499999875,0.08025269899997056
lognormal,400,19.780143143768754,19.373641426342516,0.12465547599992988,0.09761515499997131
lognormal,500,23.0804305716471,22.15975593112674,0.14790130000005774,0.11148292999996556
lognormal,600,26.65824955963646,26.34943650204869,0.17479665500002284,0.1283393180000303
lognormal,700,31.600780984181455,29.129318199845528,0.2125446610000381,0.15366018700001405
lognormal,800,33.84593472899465,35.43326680873892,0.2439501129999826,0.1776105459999826
lognormal,900,38.905733562178995,35.17664887962684,0.2818448679998937,0.20778176199996778
lognormal,1000,38.88663721468717,36.50896694564881,0.3330195260000437,0.2396374200000082
lognormal,1100,48.59180125342897,43.04013013883832,0.36293355399993743,0.28242422499999975
lognormal,1200,42.34162520851157,41.17552763201718,0.4186895940000568,0.3150667529999964
lognormal,1300,45.884545432079165,45.61253313679998,0.4708644759999743,0.3529587459998993
lognormal,1400,48.542091516668364,47.104240229433714,0.5276529490000712,0.41229629600002227
lognormal,1500,55.38048422269972,54.40036454635131,0.581792068000027,0.4817861219999031
lognormal,1600,54.03944332383671,54.372048080811936,0.6632408430000396,0.5138085190000083
lognormal,1700,53.79155992950189,56.06557744000111,0.7271392220000052,0.5623847059999889
lognormal,1800,58.013739696834534,55.17186196151545,0.7814965930000426,0.6347041499999477
lognormal,1900,72.39428484632379,66.44533378120184,0.8653212289999601,0.6966100149999193
lognormal,2000,68.63898776045795,65.66136132326295,0.9242858600000545,0.7516870089999657
lognormal,2100,65.3896735852303,64.8464786346801,0.9901459159999604,0.8081717280000476
lognormal,2200,70.07471041653508,68.21389201568218,1.0966740349999782,0.8954221699999607
lognormal,2300,73.9794515282808,69.7885760584802,1.1540209450000702,0.9501078300000927
lognormal,2400,76.90675532911663,78.26479568279876,1.2621185629999445,1.028513275000023
lognormal,2500,76.75783359389175,77.54341480744151,1.3624199629999794,1.1170989510000027
lognormal,2600,84.66773452220878,82.71883511405815,1.486893130999988,1.1947128550000343
lognormal,2700,81.17712743707668,77.8498053523314,1.5541187349999745,1.3165354499999466
lognormal,2800,85.30866697473061,84.88204648143648,1.6578576619999694,1.3752199510000764
lognormal,2900,83.31754217716812,84.83815295150026,1.7382257299999537,1.459249739000029
lognormal,3000,90.36298054348171,91.06988392656905,1.812731294999935,1.5535460639999883
lognormal,100,7.502624402138906,7.050729317650337,0.06654978300002767,0.061015123999936804
lognormal,200,13.74310659403838,12.062916567209442,0.07976572499990198,0.0710481380000374
lognormal,300,21.065681616037466,20.932850856957543,0.10559973300007641,0.08080807399994683
lognormal,400,25.106894175179548,22.690997410177772,0.1217433549999214,0.09187900000006266
lognormal,500,29.468019153637044,26.16884671040131,0.1494763340000418,0.110172217000013
lognormal,600,28.496353056683745,26.93205530313398,0.1800244849999899,0.13403566299996328
lognormal,700,29.670190177992282,28.090664679450015,0.20679396499997438,0.15708128700009638
lognormal,800,37.67773947662627,29.90194964723011,0.24696007700003975,0.17948161999993317
lognormal,900,42.08587826635207,38.807458260506024,0.2860912029999554,0.2115771380000524
lognormal,1000,37.87031958918769,36.494210054564576,0.32124669900008485,0.2446457080000073
lognormal,1100,47.252797524421766,46.06763076221,0.3670577079999475,0.27626627900008316
lognormal,1200,44.30028628405796,40.6915509076876,0.41597716599994783,0.3204302079999479
lognormal,1300,51.81579828212267,47.32892986511919,0.46685535799997524,0.35857484300004216
lognormal,1400,47.4485630644393,49.06215304403091,0.5135838669999657,0.4007304800001066
lognormal,1500,55.78377769102087,52.37300762984006,0.5858319239999901,0.4533593230000861
lognormal,1600,56.67470589818592,55.44044941399261,0.6445169840000062,0.4996850869999889
lognormal,1700,60.80014690221657,57.57117749058693,0.7079362370000126,0.5638701149999861
lognormal,1800,67.30277803241742,61.84119640637243,0.7854741730000114,0.6285476130000234
lognormal,1900,65.35331463326918,61.62187371532326,0.8635462240000606,0.6837643709999384
lognormal,2000,68.1055102781022,63.5139751202658,0.9312000859999898,0.7440976780000028
lognormal,2100,61.31928650551427,61.11385221922063,0.9904263050000282,0.8928168159999359
lognormal,2200,70.93769798330177,72.35373369230024,1.068989012999964,0.8835093149999693
lognormal,2300,72.36065237884438,71.69327776601122,1.1542804569999134,0.9607143509999787
lognormal,2400,75.43194442194863,76.57298715983691,1.2503295830000525,1.066405885999984
lognormal,2500,77.51140007155047,78.79037408552543,1.3332049340000367,1.120757604000005
lognormal,2600,88.05567693138326,83.8811977015202,1.436922240000058,1.1854501430000255
lognormal,2700,88.17459594230189,87.33217525409725,1.543615595999995,1.2865431800000806
lognormal,2800,88.83292230994584,86.85593132781548,1.651348482000003,1.3689450310000666
lognormal,2900,86.01519553264038,85.99794713087823,2.3057408779999378,1.4553645640000923
lognormal,3000,85.27457541455863,86.67691036526747,1.8196872149999308,1.5517911239999194
